NAME,RA,DEC,EBV
WS_2023B1_022_A2626_5_MOS_plate_A,352.265002724023,21.1444444444444,