NAME,RA,DEC,EBV
WS_2023B1_022_A2626_8_MOS_plate_B,353.193543028678,19.6444444444444,