NAME,RA,DEC,EBV
WS_2023B1_022_A2626_6_MOS_plate_B,355.050623637988,19.6444444444444,