NAME,RA,DEC,EBV
WS_2023B1_022_A2626_3_MOS_plate_A,355.979163942644,21.1444444444444,