NAME,RA,DEC,EBV
WS_2023B1_022_A2626_2_MOS_plate_B,354.122083333333,21.1444444444444,