NAME,RA,DEC,EBV
WS_2023B1_022_A2626_4_MOS_plate_B,355.050623637988,22.6444444444444,