NAME,RA,DEC,EBV
WS_2023B1_022_A2626_1_MOS_plate_A,354.122083333333,21.1444444444444,