NAME,RA,DEC,EBV
WS_2023B1_022_A2626_7_MOS_plate_A,353.193543028678,22.6444444444444,